{
  "Skills & Certifications": 0.5568569898605347,
  "Experience": 0.22386988997459412,
  "Projects Count": 0.12104044109582901,
  "Education": 0.05010894685983658,
  "Job Role": 0.036549199372529984,
  "Salary": 0.011574570089578629
}